-- MySQL Script generated by MySQL Workbench
-- Sun Mar 22 02:10:37 2015
-- Model: New Model    Version: 1.0
-- MySQL Workbench Forward Engineering

SET @OLD_UNIQUE_CHECKS=@@UNIQUE_CHECKS, UNIQUE_CHECKS=0;
SET @OLD_FOREIGN_KEY_CHECKS=@@FOREIGN_KEY_CHECKS, FOREIGN_KEY_CHECKS=0;
SET @OLD_SQL_MODE=@@SQL_MODE, SQL_MODE='TRADITIONAL,ALLOW_INVALID_DATES';

-- -----------------------------------------------------
-- Schema mydb
-- -----------------------------------------------------
-- -----------------------------------------------------
-- Schema basicdbasg_assignment_2
-- -----------------------------------------------------

-- -----------------------------------------------------
-- Schema basicdbasg_assignment_2
-- -----------------------------------------------------
CREATE SCHEMA IF NOT EXISTS `basicdbasg_assignment_2` DEFAULT CHARACTER SET latin1 ;
USE `basicdbasg_assignment_2` ;

-- -----------------------------------------------------
-- Table `basicdbasg_assignment_2`.`STUDENTS`
-- -----------------------------------------------------
CREATE TABLE IF NOT EXISTS `basicdbasg_assignment_2`.`STUDENTS` (
  `stno` INT(11) NOT NULL,
  `name` VARCHAR(35) NOT NULL,
  `addr` VARCHAR(35) NULL DEFAULT NULL,
  `city` VARCHAR(20) NULL DEFAULT NULL,
  `state` VARCHAR(2) NULL DEFAULT NULL,
  `zip` VARCHAR(10) NULL DEFAULT NULL,
  PRIMARY KEY (`stno`))
ENGINE = InnoDB
DEFAULT CHARACTER SET = latin1;


-- -----------------------------------------------------
-- Table `basicdbasg_assignment_2`.`INSTRUCTORS`
-- -----------------------------------------------------
CREATE TABLE IF NOT EXISTS `basicdbasg_assignment_2`.`INSTRUCTORS` (
  `empno` INT(11) NOT NULL,
  `name` VARCHAR(35) NULL DEFAULT NULL,
  `rank` VARCHAR(25) NULL DEFAULT NULL,
  `roomno` INT(11) NULL DEFAULT NULL,
  `telno` INT(11) NULL DEFAULT NULL,
  PRIMARY KEY (`empno`))
ENGINE = InnoDB
DEFAULT CHARACTER SET = latin1;


-- -----------------------------------------------------
-- Table `basicdbasg_assignment_2`.`ADVISING`
-- -----------------------------------------------------
CREATE TABLE IF NOT EXISTS `basicdbasg_assignment_2`.`ADVISING` (
  `stno` INT(4) UNSIGNED ZEROFILL NOT NULL,
  `empno` INT(3) NULL DEFAULT NULL,
  `STUDENTS_stno` INT(11) NOT NULL,
  `INSTRUCTORS_empno` INT(11) NOT NULL,
  PRIMARY KEY (`stno`, `STUDENTS_stno`, `INSTRUCTORS_empno`),
  INDEX `empno_idx` (`empno` ASC),
  INDEX `empno` (`empno` ASC),
  INDEX `stno` (`stno` ASC),
  INDEX `fk_ADVISING_STUDENTS1_idx` (`STUDENTS_stno` ASC),
  INDEX `fk_ADVISING_INSTRUCTORS1_idx` (`INSTRUCTORS_empno` ASC),
  CONSTRAINT `fk_ADVISING_STUDENTS1`
    FOREIGN KEY (`STUDENTS_stno`)
    REFERENCES `basicdbasg_assignment_2`.`STUDENTS` (`stno`)
    ON DELETE NO ACTION
    ON UPDATE NO ACTION,
  CONSTRAINT `fk_ADVISING_INSTRUCTORS1`
    FOREIGN KEY (`INSTRUCTORS_empno`)
    REFERENCES `basicdbasg_assignment_2`.`INSTRUCTORS` (`empno`)
    ON DELETE NO ACTION
    ON UPDATE NO ACTION)
ENGINE = InnoDB
DEFAULT CHARACTER SET = latin1;


-- -----------------------------------------------------
-- Table `basicdbasg_assignment_2`.`COURSES`
-- -----------------------------------------------------
CREATE TABLE IF NOT EXISTS `basicdbasg_assignment_2`.`COURSES` (
  `cno` VARCHAR(5) NOT NULL,
  `cname` VARCHAR(30) NULL DEFAULT NULL,
  `cr` INT(11) NULL DEFAULT NULL,
  `cap` INT(11) NULL DEFAULT NULL,
  PRIMARY KEY (`cno`))
ENGINE = InnoDB
DEFAULT CHARACTER SET = latin1;


-- -----------------------------------------------------
-- Table `basicdbasg_assignment_2`.`GRADES`
-- -----------------------------------------------------
CREATE TABLE IF NOT EXISTS `basicdbasg_assignment_2`.`GRADES` (
  `stno` INT(11) NOT NULL,
  `empno` INT(11) NOT NULL,
  `cno` VARCHAR(5) NOT NULL,
  `sem` VARCHAR(6) NOT NULL,
  `year` INT(11) NOT NULL,
  `grade` INT(11) NOT NULL,
  PRIMARY KEY (`stno`, `cno`, `sem`, `year`, `grade`),
  INDEX `empno_idx` (`empno` ASC),
  INDEX `cno_idx` (`cno` ASC),
  CONSTRAINT `cno`
    FOREIGN KEY (`cno`)
    REFERENCES `basicdbasg_assignment_2`.`COURSES` (`cno`)
    ON DELETE NO ACTION
    ON UPDATE NO ACTION,
  CONSTRAINT `empno`
    FOREIGN KEY (`empno`)
    REFERENCES `basicdbasg_assignment_2`.`INSTRUCTORS` (`empno`)
    ON DELETE NO ACTION
    ON UPDATE NO ACTION,
  CONSTRAINT `stno`
    FOREIGN KEY (`stno`)
    REFERENCES `basicdbasg_assignment_2`.`STUDENTS` (`stno`)
    ON DELETE NO ACTION
    ON UPDATE NO ACTION)
ENGINE = InnoDB
DEFAULT CHARACTER SET = latin1;


SET SQL_MODE=@OLD_SQL_MODE;
SET FOREIGN_KEY_CHECKS=@OLD_FOREIGN_KEY_CHECKS;
SET UNIQUE_CHECKS=@OLD_UNIQUE_CHECKS;

-- -----------------------------------------------------
-- Data for table `basicdbasg_assignment_2`.`STUDENTS`
-- -----------------------------------------------------
START TRANSACTION;
USE `basicdbasg_assignment_2`;
INSERT INTO `basicdbasg_assignment_2`.`STUDENTS` (`stno`, `name`, `addr`, `city`, `state`, `zip`) VALUES (stno, 'name', 'addr', 'city', 'state', 'zip');
INSERT INTO `basicdbasg_assignment_2`.`STUDENTS` (`stno`, `name`, `addr`, `city`, `state`, `zip`) VALUES (1011, 'Edwards P.David', '10 Red Rd,', 'Newton', 'MA', '02159');
INSERT INTO `basicdbasg_assignment_2`.`STUDENTS` (`stno`, `name`, `addr`, `city`, `state`, `zip`) VALUES (2415, 'Grongan A. Mary', '8 Walnut St.', 'Malden ', 'MA', '02148');
INSERT INTO `basicdbasg_assignment_2`.`STUDENTS` (`stno`, `name`, `addr`, `city`, `state`, `zip`) VALUES (2661, 'Mixon Leatha ', '100 School. ST.', 'Brookline', 'MA', '02146');
INSERT INTO `basicdbasg_assignment_2`.`STUDENTS` (`stno`, `name`, `addr`, `city`, `state`, `zip`) VALUES (2890, 'McLane Sandy', '30 Cass Rd,', 'Boston', 'MA', '02122');
INSERT INTO `basicdbasg_assignment_2`.`STUDENTS` (`stno`, `name`, `addr`, `city`, `state`, `zip`) VALUES (3442, 'Novak Roland', '42 Beacon St.', 'Nashua', 'NH', '03060');
INSERT INTO `basicdbasg_assignment_2`.`STUDENTS` (`stno`, `name`, `addr`, `city`, `state`, `zip`) VALUES (3566, 'Pierce Richard', '70 Park St. ', 'Brokkline', 'MA', '02146');
INSERT INTO `basicdbasg_assignment_2`.`STUDENTS` (`stno`, `name`, `addr`, `city`, `state`, `zip`) VALUES (4022, 'Prior Lorraine', '8 Beacon St.', 'Boston', 'MA', '02125');
INSERT INTO `basicdbasg_assignment_2`.`STUDENTS` (`stno`, `name`, `addr`, `city`, `state`, `zip`) VALUES (5544, 'Rawlings Jerry ', '15 Pleasant Dr.', 'Boston', 'MA', '02115');
INSERT INTO `basicdbasg_assignment_2`.`STUDENTS` (`stno`, `name`, `addr`, `city`, `state`, `zip`) VALUES (5571, 'Lewis Jerry ', '1 Main Rd.', 'Providence', 'RI', '02904');

COMMIT;


-- -----------------------------------------------------
-- Data for table `basicdbasg_assignment_2`.`INSTRUCTORS`
-- -----------------------------------------------------
START TRANSACTION;
USE `basicdbasg_assignment_2`;
INSERT INTO `basicdbasg_assignment_2`.`INSTRUCTORS` (`empno`, `name`, `rank`, `roomno`, `telno`) VALUES (empno, 'name', 'rank', roomno, telno);
INSERT INTO `basicdbasg_assignment_2`.`INSTRUCTORS` (`empno`, `name`, `rank`, `roomno`, `telno`) VALUES (19, 'Evans Robert', 'Professor', 82, 7122);
INSERT INTO `basicdbasg_assignment_2`.`INSTRUCTORS` (`empno`, `name`, `rank`, `roomno`, `telno`) VALUES (23, 'Exxon George', 'Professor', 90, 9100);
INSERT INTO `basicdbasg_assignment_2`.`INSTRUCTORS` (`empno`, `name`, `rank`, `roomno`, `telno`) VALUES (56, 'Sawyer Kathy', 'Assoc.Prof.', 91, 5110);
INSERT INTO `basicdbasg_assignment_2`.`INSTRUCTORS` (`empno`, `name`, `rank`, `roomno`, `telno`) VALUES (126, 'Davis William', 'Assoc. Prof.', 72, 5411);
INSERT INTO `basicdbasg_assignment_2`.`INSTRUCTORS` (`empno`, `name`, `rank`, `roomno`, `telno`) VALUES (234, 'Will Samuel', 'Assist. Prof. ', 90, 7024);

COMMIT;


-- -----------------------------------------------------
-- Data for table `basicdbasg_assignment_2`.`ADVISING`
-- -----------------------------------------------------
START TRANSACTION;
USE `basicdbasg_assignment_2`;
INSERT INTO `basicdbasg_assignment_2`.`ADVISING` (`stno`, `empno`, `STUDENTS_stno`, `INSTRUCTORS_empno`) VALUES (stno, empno, , );
INSERT INTO `basicdbasg_assignment_2`.`ADVISING` (`stno`, `empno`, `STUDENTS_stno`, `INSTRUCTORS_empno`) VALUES (5571, NULL, , );
INSERT INTO `basicdbasg_assignment_2`.`ADVISING` (`stno`, `empno`, `STUDENTS_stno`, `INSTRUCTORS_empno`) VALUES (1011, 19, , );
INSERT INTO `basicdbasg_assignment_2`.`ADVISING` (`stno`, `empno`, `STUDENTS_stno`, `INSTRUCTORS_empno`) VALUES (2415, 19, , );
INSERT INTO `basicdbasg_assignment_2`.`ADVISING` (`stno`, `empno`, `STUDENTS_stno`, `INSTRUCTORS_empno`) VALUES (2661, 23, , );
INSERT INTO `basicdbasg_assignment_2`.`ADVISING` (`stno`, `empno`, `STUDENTS_stno`, `INSTRUCTORS_empno`) VALUES (2890, 23, , );
INSERT INTO `basicdbasg_assignment_2`.`ADVISING` (`stno`, `empno`, `STUDENTS_stno`, `INSTRUCTORS_empno`) VALUES (5544, 23, , );
INSERT INTO `basicdbasg_assignment_2`.`ADVISING` (`stno`, `empno`, `STUDENTS_stno`, `INSTRUCTORS_empno`) VALUES (3442, 56, , );
INSERT INTO `basicdbasg_assignment_2`.`ADVISING` (`stno`, `empno`, `STUDENTS_stno`, `INSTRUCTORS_empno`) VALUES (3566, 126, , );
INSERT INTO `basicdbasg_assignment_2`.`ADVISING` (`stno`, `empno`, `STUDENTS_stno`, `INSTRUCTORS_empno`) VALUES (4022, 234, , );

COMMIT;


-- -----------------------------------------------------
-- Data for table `basicdbasg_assignment_2`.`COURSES`
-- -----------------------------------------------------
START TRANSACTION;
USE `basicdbasg_assignment_2`;
INSERT INTO `basicdbasg_assignment_2`.`COURSES` (`cno`, `cname`, `cr`, `cap`) VALUES ('cno', 'cname', cr, cap);
INSERT INTO `basicdbasg_assignment_2`.`COURSES` (`cno`, `cname`, `cr`, `cap`) VALUES ('cs110', 'Introduction to Computong', 4, 120);
INSERT INTO `basicdbasg_assignment_2`.`COURSES` (`cno`, `cname`, `cr`, `cap`) VALUES ('cs210', 'Computer Programming', 4, 100);
INSERT INTO `basicdbasg_assignment_2`.`COURSES` (`cno`, `cname`, `cr`, `cap`) VALUES ('cs240', 'Computer Architecture', 3, 100);
INSERT INTO `basicdbasg_assignment_2`.`COURSES` (`cno`, `cname`, `cr`, `cap`) VALUES ('cs310', 'Data Structure', 3, 60);
INSERT INTO `basicdbasg_assignment_2`.`COURSES` (`cno`, `cname`, `cr`, `cap`) VALUES ('cs350', 'Higher Level Languages', 3, 50);
INSERT INTO `basicdbasg_assignment_2`.`COURSES` (`cno`, `cname`, `cr`, `cap`) VALUES ('cs410', 'Software Engineering', 3, 40);
INSERT INTO `basicdbasg_assignment_2`.`COURSES` (`cno`, `cname`, `cr`, `cap`) VALUES ('cs460', 'Graphics', 3, 30);

COMMIT;


-- -----------------------------------------------------
-- Data for table `basicdbasg_assignment_2`.`GRADES`
-- -----------------------------------------------------
START TRANSACTION;
USE `basicdbasg_assignment_2`;
INSERT INTO `basicdbasg_assignment_2`.`GRADES` (`stno`, `empno`, `cno`, `sem`, `year`, `grade`) VALUES (stno, empno, 'cno', 'sem', year, grade);
INSERT INTO `basicdbasg_assignment_2`.`GRADES` (`stno`, `empno`, `cno`, `sem`, `year`, `grade`) VALUES (1011, 19, 'cs110', 'Fall', 2001, 40);
INSERT INTO `basicdbasg_assignment_2`.`GRADES` (`stno`, `empno`, `cno`, `sem`, `year`, `grade`) VALUES (1011, 19, 'cs210', 'Fall', 2002, 90);
INSERT INTO `basicdbasg_assignment_2`.`GRADES` (`stno`, `empno`, `cno`, `sem`, `year`, `grade`) VALUES (2415, 19, 'cs240', 'Spring', 2002, 100);
INSERT INTO `basicdbasg_assignment_2`.`GRADES` (`stno`, `empno`, `cno`, `sem`, `year`, `grade`) VALUES (2661, 19, 'cs110', 'Fall ', 2001, 80);
INSERT INTO `basicdbasg_assignment_2`.`GRADES` (`stno`, `empno`, `cno`, `sem`, `year`, `grade`) VALUES (2661, 19, 'cs210', 'Fall', 2002, 70);
INSERT INTO `basicdbasg_assignment_2`.`GRADES` (`stno`, `empno`, `cno`, `sem`, `year`, `grade`) VALUES (3566, 19, 'cs110', 'Fall', 2001, 95);
INSERT INTO `basicdbasg_assignment_2`.`GRADES` (`stno`, `empno`, `cno`, `sem`, `year`, `grade`) VALUES (3566, 19, 'cs210', 'Fall', 2002, 90);
INSERT INTO `basicdbasg_assignment_2`.`GRADES` (`stno`, `empno`, `cno`, `sem`, `year`, `grade`) VALUES (3566, 19, 'cs240', 'Spring', 2002, 100);
INSERT INTO `basicdbasg_assignment_2`.`GRADES` (`stno`, `empno`, `cno`, `sem`, `year`, `grade`) VALUES (4022, 19, 'cs210', 'Spring', 2003, 70);
INSERT INTO `basicdbasg_assignment_2`.`GRADES` (`stno`, `empno`, `cno`, `sem`, `year`, `grade`) VALUES (5544, 19, 'cs110', 'Fall', 2001, 100);
INSERT INTO `basicdbasg_assignment_2`.`GRADES` (`stno`, `empno`, `cno`, `sem`, `year`, `grade`) VALUES (5571, 19, 'cs210', 'Spring', 2003, 85);
INSERT INTO `basicdbasg_assignment_2`.`GRADES` (`stno`, `empno`, `cno`, `sem`, `year`, `grade`) VALUES (1011, 23, 'cs110', 'Spring', 2002, 75);
INSERT INTO `basicdbasg_assignment_2`.`GRADES` (`stno`, `empno`, `cno`, `sem`, `year`, `grade`) VALUES (4022, 23, 'cs110', 'Spring', 2002, 60);
INSERT INTO `basicdbasg_assignment_2`.`GRADES` (`stno`, `empno`, `cno`, `sem`, `year`, `grade`) VALUES (1011, 56, 'cs240', 'Spring', 2003, 90);
INSERT INTO `basicdbasg_assignment_2`.`GRADES` (`stno`, `empno`, `cno`, `sem`, `year`, `grade`) VALUES (4022, 56, 'cs240', 'Spring', 2003, 80);
INSERT INTO `basicdbasg_assignment_2`.`GRADES` (`stno`, `empno`, `cno`, `sem`, `year`, `grade`) VALUES (5544, 56, 'cs240', 'Spring', 2003, 70);
INSERT INTO `basicdbasg_assignment_2`.`GRADES` (`stno`, `empno`, `cno`, `sem`, `year`, `grade`) VALUES (2661, 234, 'cs310', 'Spring', 2003, 100);
INSERT INTO `basicdbasg_assignment_2`.`GRADES` (`stno`, `empno`, `cno`, `sem`, `year`, `grade`) VALUES (3442, 234, 'cs410', 'Spring', 2002, 60);
INSERT INTO `basicdbasg_assignment_2`.`GRADES` (`stno`, `empno`, `cno`, `sem`, `year`, `grade`) VALUES (4022, 234, 'cs310', 'Spring', 2003, 75);
INSERT INTO `basicdbasg_assignment_2`.`GRADES` (`stno`, `empno`, `cno`, `sem`, `year`, `grade`) VALUES (5571, 234, 'cs410', 'Spring', 2002, 50);
INSERT INTO `basicdbasg_assignment_2`.`GRADES` (`stno`, `empno`, `cno`, `sem`, `year`, `grade`) VALUES (5571, 234, 'cs410', 'Spring', 2002, 80);

COMMIT;

